                  epoch,         train/box_loss,         train/cls_loss,         train/dfl_loss,   metrics/precision(B),      metrics/recall(B),       metrics/mAP50(B),    metrics/mAP50-95(B),           val/box_loss,           val/cls_loss,           val/dfl_loss,                 lr/pg0,                 lr/pg1,                 lr/pg2
                      0,                 1.4256,                 1.6338,                 1.6089,                0.82464,                0.75368,                0.82472,                0.44195,                 1.6415,                 1.0653,                  1.656,                0.07018,              0.0033134,              0.0033134
                      1,                  1.229,                 1.0007,                 1.4492,                 0.7083,                0.68477,                0.71979,                0.30298,                  2.115,                 1.2203,                 2.0821,               0.040166,              0.0066335,              0.0066335
                      2,                 1.2413,                 1.0405,                 1.4636,                0.52397,                0.60068,                0.54331,                0.23707,                 2.1035,                 2.1995,                 2.3845,                0.01014,              0.0099405,              0.0099405
                      3,                 1.3496,                 1.1914,                 1.5478,                0.64592,                  0.509,                 0.5474,                0.23328,                 2.3746,                 2.0298,                 2.5453,              0.0099406,              0.0099406,              0.0099406
                      4,                 1.3195,                 1.1348,                 1.5217,                0.36477,                0.41102,                0.37418,                0.19622,                 2.4869,                 2.4845,                 2.5489,              0.0099406,              0.0099406,              0.0099406
                      5,                 1.2544,                 1.0654,                 1.4713,                0.43727,                 0.4511,                0.41878,                0.18479,                 2.2306,                 2.0781,                  2.434,              0.0099208,              0.0099208,              0.0099208
                      6,                 1.2032,                  1.005,                 1.4351,                0.68385,                0.37418,                0.38796,                0.20163,                 2.1552,                   2.57,                 2.3139,               0.009901,               0.009901,               0.009901
                      7,                 1.1777,                0.94501,                 1.4134,                0.69119,                0.64926,                0.69613,                0.34246,                 1.8089,                 1.3651,                 1.9694,              0.0098812,              0.0098812,              0.0098812
                      8,                 1.1297,                0.90128,                  1.382,                0.72482,                0.68821,                0.71947,                0.33225,                 1.9191,                 1.3602,                 2.0553,              0.0098614,              0.0098614,              0.0098614
                      9,                 1.0957,                0.87403,                 1.3613,                 0.6759,                0.61549,                0.64199,                0.32635,                  1.792,                 1.4477,                 1.9647,              0.0098416,              0.0098416,              0.0098416
                     10,                 1.0619,                  0.809,                 1.3356,                0.75101,                0.69542,                0.70825,                0.34224,                 1.8167,                 1.1791,                 1.9722,              0.0098218,              0.0098218,              0.0098218
                     11,                 1.0405,                  0.802,                 1.3225,                0.77719,                0.70421,                0.76171,                0.38201,                 1.7358,                 1.1775,                 1.9109,               0.009802,               0.009802,               0.009802
                     12,                 1.0197,                0.77718,                 1.2993,                0.62375,                0.51883,                0.54001,                0.30232,                 1.9187,                 1.9542,                 2.0991,              0.0097822,              0.0097822,              0.0097822
                     13,                 0.9999,                0.75372,                 1.2884,                0.73961,                0.62595,                0.66564,                0.35127,                 1.8624,                 1.3811,                 2.0424,              0.0097624,              0.0097624,              0.0097624
                     14,                0.97826,                0.74498,                 1.2808,                0.68861,                0.57297,                0.64524,                0.37038,                 1.6419,                 1.4174,                  1.825,              0.0097426,              0.0097426,              0.0097426
                     15,                0.95086,                  0.709,                 1.2549,                0.80358,                0.67975,                0.76205,                0.43802,                 1.5808,                 1.1026,                 1.7586,              0.0097228,              0.0097228,              0.0097228
                     16,                0.94588,                0.71043,                 1.2546,                0.80802,                0.63302,                0.71874,                0.39982,                 1.6524,                 1.2856,                  1.809,               0.009703,               0.009703,               0.009703
                     17,                0.91895,                0.68068,                 1.2363,                0.76545,                0.44404,                0.55391,                0.31381,                 1.8844,                 2.0482,                 2.0149,              0.0096832,              0.0096832,              0.0096832
                     18,                0.90554,                0.66795,                 1.2242,                 0.7771,                0.65353,                0.72855,                0.41674,                 1.6353,                 1.1916,                 1.8067,              0.0096634,              0.0096634,              0.0096634
                     19,                0.89235,                0.66195,                 1.2228,                0.79066,                0.67052,                0.72662,                0.37515,                 1.8072,                 1.1554,                 1.9896,              0.0096436,              0.0096436,              0.0096436
                     20,                0.87863,                0.63656,                 1.2011,                0.82778,                0.60122,                0.70059,                0.38345,                 1.7435,                 1.4474,                 1.9422,              0.0096238,              0.0096238,              0.0096238
                     21,                0.87078,                0.63112,                 1.2026,                0.65663,                0.58259,                0.63138,                0.35453,                 1.8505,                 1.6889,                 2.0152,               0.009604,               0.009604,               0.009604
                     22,                 0.8598,                0.61679,                 1.1967,                0.72844,                0.60555,                0.67588,                0.41751,                 1.6447,                 1.4414,                 1.8379,              0.0095842,              0.0095842,              0.0095842
                     23,                0.84606,                0.61016,                 1.1878,                0.76701,                0.63076,                0.68747,                0.39237,                 1.7059,                 1.3463,                 1.8951,              0.0095644,              0.0095644,              0.0095644
                     24,                0.84538,                0.61285,                 1.1875,                0.77724,                0.69376,                0.75588,                0.43872,                 1.6123,                 1.0847,                 1.8173,              0.0095446,              0.0095446,              0.0095446
                     25,                0.83512,                0.58731,                 1.1765,                0.76936,                0.61492,                0.69933,                0.37753,                 1.7738,                 1.2644,                 2.0029,              0.0095248,              0.0095248,              0.0095248
                     26,                0.81317,                0.57979,                  1.166,                0.71191,                0.57218,                0.63407,                0.36054,                 1.6731,                 1.3483,                 1.8664,               0.009505,               0.009505,               0.009505
                     27,                0.82037,                0.59048,                 1.1733,                0.75135,                0.63898,                0.70813,                0.39478,                 1.6882,                 1.3231,                 1.8774,              0.0094852,              0.0094852,              0.0094852
                     28,                0.80941,                0.58093,                 1.1639,                0.73833,                0.66105,                 0.7171,                0.42257,                 1.5885,                  1.227,                  1.801,              0.0094654,              0.0094654,              0.0094654
                     29,                0.80656,                0.57928,                 1.1596,                0.68277,                0.62331,                0.65336,                0.37572,                 1.6716,                 1.3048,                 1.8783,              0.0094456,              0.0094456,              0.0094456
                     30,                0.79167,                0.57092,                 1.1574,                0.73067,                0.65366,                0.71054,                0.42311,                 1.6084,                 1.2404,                 1.8054,              0.0094258,              0.0094258,              0.0094258
                     31,                 0.7836,                0.56148,                  1.145,                0.73751,                 0.5896,                0.65277,                0.38267,                 1.6551,                 1.4152,                 1.8209,               0.009406,               0.009406,               0.009406
                     32,                  0.762,                0.54451,                 1.1305,                 0.7918,                0.56296,                0.67046,                  0.411,                 1.5866,                 1.5451,                  1.786,              0.0093862,              0.0093862,              0.0093862
                     33,                0.75934,                0.53571,                 1.1385,                 0.7412,                0.55851,                0.63167,                0.40195,                 1.6417,                 1.6607,                 1.8462,              0.0093664,              0.0093664,              0.0093664
                     34,                0.76102,                0.54534,                 1.1399,                 0.7313,                0.65945,                0.68602,                0.41817,                 1.6766,                 1.2959,                 1.8297,              0.0093466,              0.0093466,              0.0093466
                     35,                0.75463,                0.53118,                 1.1285,                0.78461,                0.65512,                0.71803,                0.43907,                 1.5713,                 1.1838,                 1.7615,              0.0093268,              0.0093268,              0.0093268
                     36,                0.75515,                0.54265,                 1.1302,                0.64169,                0.53401,                0.55498,                0.33655,                 1.7944,                 1.9849,                 1.9933,               0.009307,               0.009307,               0.009307
                     37,                0.73711,                0.51974,                 1.1204,                0.76739,                0.67418,                0.71734,                0.42977,                 1.6084,                 1.0946,                 1.8281,              0.0092872,              0.0092872,              0.0092872
                     38,                0.73244,                0.51441,                 1.1161,                 0.7226,                0.66575,                0.70868,                 0.4346,                 1.5646,                 1.2151,                 1.7899,              0.0092674,              0.0092674,              0.0092674
                     39,                0.72486,                0.52058,                 1.1188,                0.77166,                0.63596,                0.68761,                0.41481,                 1.6362,                 1.2333,                 1.8577,              0.0092476,              0.0092476,              0.0092476
                     40,                0.72042,                0.50622,                 1.1101,                0.68178,                0.64713,                0.65754,                 0.4187,                 1.6145,                 1.3961,                 1.8216,              0.0092278,              0.0092278,              0.0092278
                     41,                0.71818,                0.50455,                 1.1154,                0.76983,                0.72621,                0.77526,                0.45087,                 1.5597,                0.99588,                   1.78,               0.009208,               0.009208,               0.009208
                     42,                0.71696,                0.49946,                 1.1082,                0.81122,                0.67221,                0.73614,                0.45512,                 1.5541,                 1.0832,                 1.7967,              0.0091882,              0.0091882,              0.0091882
                     43,                0.71579,                0.49489,                 1.1046,                0.75764,                0.71389,                0.75033,                0.43718,                 1.6036,                 1.1231,                 1.8318,              0.0091684,              0.0091684,              0.0091684
                     44,                0.70673,                   0.49,                 1.1001,                0.80366,                0.66074,                 0.7552,                 0.4663,                 1.5342,                 1.1205,                 1.7718,              0.0091486,              0.0091486,              0.0091486
                     45,                0.70061,                0.49965,                 1.0975,                0.80531,                0.66239,                0.73645,                0.44782,                  1.593,                 1.2126,                 1.8463,              0.0091288,              0.0091288,              0.0091288
                     46,                0.69577,                0.49088,                 1.1009,                0.76954,                 0.7197,                0.75359,                0.44988,                 1.6074,                 1.0589,                 1.8573,               0.009109,               0.009109,               0.009109
                     47,                0.69607,                0.48678,                 1.0986,                0.74802,                0.63355,                0.67371,                0.41965,                 1.6477,                 1.3107,                 1.8666,              0.0090892,              0.0090892,              0.0090892
                     48,                 0.6959,                0.49592,                 1.0975,                0.78303,                0.66934,                0.72081,                0.44147,                 1.6171,                 1.1611,                 1.8631,              0.0090694,              0.0090694,              0.0090694
                     49,                0.68476,                 0.4742,                 1.0873,                0.81163,                0.62224,                0.69768,                0.41684,                 1.6186,                 1.4755,                 1.8557,              0.0090496,              0.0090496,              0.0090496
                     50,                 0.6859,                0.48605,                 1.0975,                0.78511,                0.67181,                0.74527,                0.43902,                 1.5882,                 1.1218,                 1.8454,              0.0090298,              0.0090298,              0.0090298
                     51,                0.68107,                0.47081,                 1.0888,                0.74721,                0.62157,                0.66279,                0.40569,                 1.6637,                  1.455,                 1.9033,                0.00901,                0.00901,                0.00901
                     52,                0.67277,                0.46678,                 1.0815,                0.82538,                0.58013,                0.68689,                0.43548,                 1.5888,                 1.4728,                 1.8134,              0.0089902,              0.0089902,              0.0089902
                     53,                0.67216,                0.46905,                 1.0844,                0.78204,                0.66894,                 0.7254,                0.43384,                 1.5777,                 1.2145,                 1.8378,              0.0089704,              0.0089704,              0.0089704
                     54,                0.67752,                0.47386,                 1.0884,                0.86371,                0.71688,                0.79651,                0.47033,                 1.5104,                0.94139,                 1.7594,              0.0089506,              0.0089506,              0.0089506
                     55,                0.66368,                0.46212,                 1.0761,                0.71235,                0.69388,                0.70103,                0.42255,                 1.6058,                 1.1917,                 1.8534,              0.0089308,              0.0089308,              0.0089308
                     56,                0.66329,                0.45846,                 1.0798,                0.78515,                0.69023,                 0.7478,                0.46964,                  1.516,                 1.1342,                 1.7706,               0.008911,               0.008911,               0.008911
                     57,                0.65678,                0.46109,                 1.0781,                0.73605,                0.63692,                 0.6877,                0.42973,                 1.6133,                 1.3363,                 1.8557,              0.0088912,              0.0088912,              0.0088912
                     58,                 0.6598,                0.45698,                 1.0774,                0.73171,                0.68833,                 0.7453,                0.46134,                 1.4832,                 1.1416,                 1.7263,              0.0088714,              0.0088714,              0.0088714
                     59,                 0.6447,                0.44343,                 1.0716,                0.79049,                0.64629,                0.72845,                0.43548,                 1.5624,                  1.241,                  1.807,              0.0088516,              0.0088516,              0.0088516
                     60,                0.64503,                0.44441,                 1.0696,                0.82608,                0.61508,                0.68482,                0.42543,                 1.6107,                 1.4303,                 1.8638,              0.0088318,              0.0088318,              0.0088318
                     61,                0.65066,                0.45221,                 1.0736,                0.83144,                0.69269,                0.76885,                0.48419,                 1.4895,                 1.1006,                 1.6996,               0.008812,               0.008812,               0.008812
                     62,                0.63825,                 0.4411,                 1.0646,                0.74776,                0.59448,                0.64058,                0.41391,                 1.6567,                 1.7724,                 1.8806,              0.0087922,              0.0087922,              0.0087922
                     63,                0.64812,                0.44622,                 1.0733,                0.76245,                0.67413,                0.70627,                0.43689,                 1.6125,                 1.2549,                 1.8363,              0.0087724,              0.0087724,              0.0087724
                     64,                 0.6386,                0.44373,                  1.065,                 0.7621,                0.61975,                0.68301,                0.42758,                 1.6215,                 1.3923,                 1.8462,              0.0087526,              0.0087526,              0.0087526
                     65,                0.63434,                0.43845,                 1.0672,                0.83692,                0.57783,                0.66467,                0.41438,                 1.6492,                 1.6365,                 1.8891,              0.0087328,              0.0087328,              0.0087328
                     66,                 0.6363,                0.43811,                 1.0657,                0.83774,                0.65799,                0.74803,                0.45949,                 1.5205,                 1.1212,                 1.7661,               0.008713,               0.008713,               0.008713
                     67,                0.62003,                0.43135,                 1.0562,                0.87858,                0.66088,                  0.753,                0.48955,                 1.4383,                 1.1983,                 1.6929,              0.0086932,              0.0086932,              0.0086932
                     68,                0.62478,                0.42792,                 1.0559,                0.81976,                0.68615,                0.76166,                0.47298,                 1.5035,                 1.1974,                 1.7997,              0.0086734,              0.0086734,              0.0086734
                     69,                0.61391,                 0.4196,                 1.0476,                0.81548,                0.70062,                0.75543,                0.48271,                 1.5185,                 1.1083,                 1.7873,              0.0086536,              0.0086536,              0.0086536
                     70,                0.62519,                0.42563,                 1.0592,                0.71587,                0.67363,                0.69223,                0.43281,                  1.599,                 1.2879,                 1.8679,              0.0086338,              0.0086338,              0.0086338
                     71,                0.61588,                0.42343,                 1.0529,                0.76255,                0.65499,                0.71267,                0.46007,                 1.5443,                 1.3317,                  1.783,               0.008614,               0.008614,               0.008614
                     72,                0.61576,                0.42074,                 1.0544,                  0.751,                0.65206,                0.67981,                 0.4477,                  1.547,                 1.5684,                 1.8189,              0.0085942,              0.0085942,              0.0085942
                     73,                0.62187,                 0.4244,                 1.0516,                0.77485,                0.60796,                0.66274,                0.43098,                 1.5962,                 1.4631,                 1.8218,              0.0085744,              0.0085744,              0.0085744
                     74,                0.61233,                0.41724,                 1.0459,                0.78863,                0.64306,                0.70719,                 0.4542,                 1.5415,                 1.2262,                 1.8226,              0.0085546,              0.0085546,              0.0085546
                     75,                0.61245,                0.41787,                 1.0532,                0.78175,                0.66973,                0.71624,                0.44161,                 1.6023,                  1.153,                 1.8614,              0.0085348,              0.0085348,              0.0085348
                     76,                0.60574,                0.41774,                 1.0474,                0.81361,                0.68559,                 0.7502,                0.46356,                 1.5674,                 1.1906,                 1.8271,               0.008515,               0.008515,               0.008515
                     77,                0.60922,                0.41676,                 1.0499,                0.79074,                0.68149,                0.73126,                0.45027,                 1.5694,                 1.1464,                 1.8419,              0.0084952,              0.0084952,              0.0084952
                     78,                0.60328,                0.41695,                 1.0449,                0.79783,                0.66538,                0.73488,                0.45439,                 1.5636,                 1.1025,                 1.8276,              0.0084754,              0.0084754,              0.0084754
                     79,                0.60615,                 0.4203,                 1.0485,                0.74978,                0.71092,                0.75778,                 0.4715,                 1.5242,                 1.1253,                 1.7895,              0.0084556,              0.0084556,              0.0084556
                     80,                0.60644,                0.41353,                 1.0474,                0.79112,                0.63544,                0.69735,                0.43291,                  1.613,                 1.3545,                  1.889,              0.0084358,              0.0084358,              0.0084358
                     81,                0.59893,                0.41052,                 1.0389,                0.79573,                0.66633,                0.72983,                0.45919,                  1.528,                 1.0894,                 1.8214,               0.008416,               0.008416,               0.008416
                     82,                0.60381,                0.41342,                 1.0447,                0.80008,                0.68885,                 0.7307,                0.46426,                 1.5186,                 1.1513,                 1.7669,              0.0083962,              0.0083962,              0.0083962
                     83,                0.59494,                0.41838,                 1.0436,                0.84049,                0.63989,                0.70596,                0.45817,                 1.5389,                 1.1661,                 1.7913,              0.0083764,              0.0083764,              0.0083764
                     84,                0.58711,                0.40612,                 1.0383,                0.79591,                0.66588,                0.72548,                0.44785,                 1.5594,                  1.172,                 1.8141,              0.0083566,              0.0083566,              0.0083566
                     85,                  0.583,                0.40408,                  1.038,                0.79712,                0.70563,                0.75882,                0.48653,                 1.4817,                 1.0687,                 1.7398,              0.0083368,              0.0083368,              0.0083368
                     86,                0.58603,                0.39834,                 1.0355,                0.77614,                 0.6646,                0.71948,                0.45784,                 1.5671,                 1.0797,                 1.8328,               0.008317,               0.008317,               0.008317
                     87,                0.58311,                0.39521,                 1.0335,                0.79035,                0.65987,                0.73685,                0.46235,                 1.4851,                 1.1989,                 1.7455,              0.0082972,              0.0082972,              0.0082972
                     88,                0.58375,                0.40204,                 1.0371,                0.80836,                 0.6496,                0.73487,                0.46397,                 1.5304,                 1.1806,                 1.8177,              0.0082774,              0.0082774,              0.0082774
                     89,                 0.5812,                  0.401,                 1.0323,                0.82565,                0.68205,                0.74323,                0.45787,                 1.5856,                 1.2467,                  1.851,              0.0082576,              0.0082576,              0.0082576
                     90,                 0.5853,                0.39835,                 1.0353,                0.81888,                0.67267,                0.74238,                0.46932,                 1.5486,                 1.1844,                 1.7975,              0.0082378,              0.0082378,              0.0082378
                     91,                0.57561,                0.39065,                 1.0286,                0.77645,                 0.6648,                0.72577,                0.46623,                  1.525,                 1.3022,                  1.777,               0.008218,               0.008218,               0.008218
                     92,                 0.5831,                0.39604,                 1.0336,                0.81378,                0.68125,                0.74044,                0.47321,                 1.4949,                 1.1864,                 1.7831,              0.0081982,              0.0081982,              0.0081982
                     93,                0.57474,                0.38961,                 1.0309,                0.78987,                0.63281,                0.69249,                0.44835,                 1.5638,                 1.3519,                 1.8333,              0.0081784,              0.0081784,              0.0081784
                     94,                0.58156,                0.39548,                 1.0319,                0.79443,                 0.6237,                0.69573,                0.45057,                 1.5803,                 1.3226,                 1.8415,              0.0081586,              0.0081586,              0.0081586
                     95,                 0.5759,                0.38822,                 1.0292,                0.80708,                0.66777,                0.72876,                0.47537,                 1.5079,                 1.1652,                 1.7941,              0.0081388,              0.0081388,              0.0081388
                     96,                0.56954,                0.38276,                 1.0267,                0.78192,                0.70082,                0.73927,                0.48083,                 1.5135,                 1.0538,                  1.799,               0.008119,               0.008119,               0.008119
                     97,                0.56975,                0.38956,                 1.0258,                0.77931,                0.67365,                0.70997,                0.46268,                 1.5069,                 1.1917,                 1.7897,              0.0080992,              0.0080992,              0.0080992
                     98,                0.56744,                 0.3904,                 1.0281,                0.77506,                0.68966,                0.72828,                0.46971,                 1.4896,                 1.2144,                 1.7572,              0.0080794,              0.0080794,              0.0080794
                     99,                0.55916,                 0.3823,                 1.0232,                0.81445,                0.68446,                0.74301,                 0.4813,                 1.4722,                 1.1345,                 1.7562,              0.0080596,              0.0080596,              0.0080596
                    100,                0.56107,                0.38274,                 1.0237,                 0.8399,                0.68045,                0.76072,                0.49416,                 1.4514,                 1.0853,                 1.7329,              0.0080398,              0.0080398,              0.0080398
                    101,                0.55955,                0.37862,                 1.0271,                0.78617,                0.70012,                0.74825,                0.48131,                 1.4893,                 1.1032,                 1.7745,                0.00802,                0.00802,                0.00802
                    102,                0.55551,                0.37817,                 1.0188,                 0.7798,                0.72617,                0.77516,                0.49739,                 1.4362,                 1.0951,                 1.7347,              0.0080002,              0.0080002,              0.0080002
                    103,                0.56598,                0.38459,                 1.0261,                0.85119,                0.66731,                0.75476,                0.48817,                 1.4744,                 1.1994,                 1.7512,              0.0079804,              0.0079804,              0.0079804
                    104,                 0.5556,                0.37911,                 1.0188,                0.83936,                0.70452,                0.77433,                0.49967,                 1.4723,                 1.1546,                 1.7526,              0.0079606,              0.0079606,              0.0079606
                    105,                0.55733,                0.37922,                 1.0249,                 0.8459,                0.69987,                0.77038,                0.49632,                 1.4515,                 1.1411,                 1.7352,              0.0079408,              0.0079408,              0.0079408
                    106,                0.55607,                0.37557,                 1.0168,                0.84232,                0.68188,                0.73962,                0.47888,                 1.4732,                 1.2766,                  1.764,               0.007921,               0.007921,               0.007921
                    107,                0.54807,                 0.3731,                 1.0161,                0.82666,                0.69861,                0.75429,                0.48206,                 1.4808,                 1.1771,                 1.7657,              0.0079012,              0.0079012,              0.0079012
                    108,                 0.5491,                 0.3748,                  1.012,                0.80868,                0.67109,                0.73108,                 0.4723,                 1.4925,                 1.2104,                 1.7694,              0.0078814,              0.0078814,              0.0078814
                    109,                 0.5451,                0.37449,                 1.0177,                0.86883,                 0.6511,                0.73517,                 0.4843,                 1.4824,                 1.2069,                 1.7739,              0.0078616,              0.0078616,              0.0078616
                    110,                0.54626,                 0.3735,                  1.014,                0.82258,                0.66833,                0.72473,                0.47436,                 1.4727,                 1.2669,                 1.7629,              0.0078418,              0.0078418,              0.0078418
                    111,                0.54524,                0.37121,                  1.016,                0.80827,                0.65369,                0.70894,                0.46875,                 1.4701,                 1.3447,                 1.7622,               0.007822,               0.007822,               0.007822
                    112,                0.54578,                0.37008,                 1.0152,                0.80907,                0.66485,                0.72391,                0.48158,                  1.445,                 1.2915,                 1.7592,              0.0078022,              0.0078022,              0.0078022
                    113,                0.54384,                0.36718,                 1.0118,                0.81145,                0.67319,                0.74028,                0.49444,                 1.4277,                 1.2046,                 1.7496,              0.0077824,              0.0077824,              0.0077824
                    114,                0.54518,                0.37079,                 1.0169,                0.87258,                0.68396,                0.75995,                0.50373,                 1.4122,                 1.0724,                 1.7349,              0.0077626,              0.0077626,              0.0077626
                    115,                0.54046,                0.37175,                 1.0141,                0.81523,                0.71852,                0.77264,                0.50253,                 1.4103,                 1.0319,                 1.7413,              0.0077428,              0.0077428,              0.0077428
                    116,                0.53898,                0.36703,                 1.0077,                0.83141,                0.70017,                0.76572,                0.50036,                  1.434,                 1.0762,                 1.7764,               0.007723,               0.007723,               0.007723
                    117,                0.53553,                0.36993,                 1.0105,                0.82884,                0.70844,                0.76054,                0.50381,                 1.4267,                 1.0876,                 1.7537,              0.0077032,              0.0077032,              0.0077032
                    118,                 0.5364,                0.36605,                 1.0051,                0.75938,                 0.7236,                 0.7503,                0.49283,                 1.4299,                 1.1634,                  1.752,              0.0076834,              0.0076834,              0.0076834
                    119,                0.54198,                0.36714,                 1.0111,                0.82337,                0.67012,                0.73537,                0.48236,                 1.4348,                 1.2057,                 1.7447,              0.0076636,              0.0076636,              0.0076636
                    120,                0.54047,                0.36616,                 1.0148,                0.77161,                 0.7046,                0.74882,                0.48266,                 1.4487,                 1.1958,                 1.7649,              0.0076438,              0.0076438,              0.0076438
                    121,                0.52859,                0.35962,                 1.0081,                0.78196,                0.68635,                0.73737,                0.48071,                 1.4459,                 1.2482,                 1.7612,               0.007624,               0.007624,               0.007624
                    122,                 0.5284,                0.36355,                 1.0096,                0.77685,                0.68443,                0.74327,                0.48172,                  1.444,                  1.228,                 1.7549,              0.0076042,              0.0076042,              0.0076042
                    123,                0.53084,                0.36448,                 1.0052,                0.78216,                0.68006,                0.74116,                0.48555,                  1.442,                 1.2371,                  1.747,              0.0075844,              0.0075844,              0.0075844
                    124,                0.52909,                0.36088,                 1.0067,                0.76576,                0.68788,                0.74023,                0.47874,                 1.4535,                 1.2427,                 1.7501,              0.0075646,              0.0075646,              0.0075646
                    125,                0.52684,                0.36287,                 1.0049,                0.81667,                 0.6874,                0.75493,                0.48338,                 1.4494,                 1.2055,                 1.7404,              0.0075448,              0.0075448,              0.0075448
                    126,                0.52407,                0.35687,                 1.0045,                0.80242,                0.70762,                 0.7584,                0.48864,                 1.4458,                 1.1556,                 1.7453,               0.007525,               0.007525,               0.007525
                    127,                0.52749,                0.36049,                 1.0077,                0.77488,                0.70352,                0.75716,                 0.4926,                 1.4369,                  1.199,                  1.739,              0.0075052,              0.0075052,              0.0075052
                    128,                0.51674,                0.35217,                0.99869,                0.77959,                0.69966,                0.75746,                 0.5001,                 1.4261,                 1.1711,                 1.7279,              0.0074854,              0.0074854,              0.0074854
                    129,                0.52361,                0.35448,                 1.0049,                0.84711,                0.67126,                0.76963,                0.50524,                 1.4164,                 1.1436,                 1.7188,              0.0074656,              0.0074656,              0.0074656
                    130,                0.52597,                 0.3566,                 1.0042,                0.84592,                0.69348,                0.77237,                0.51065,                 1.4091,                 1.0907,                 1.7256,              0.0074458,              0.0074458,              0.0074458
                    131,                0.52418,                0.35517,                 1.0019,                0.83578,                0.69524,                0.76531,                 0.5041,                 1.4271,                 1.1062,                 1.7527,               0.007426,               0.007426,               0.007426
                    132,                0.51812,                0.35573,                  1.001,                0.80386,                0.69258,                0.75527,                0.49843,                 1.4385,                 1.1302,                 1.7622,              0.0074062,              0.0074062,              0.0074062
                    133,                0.52074,                0.35383,                  1.006,                0.83971,                0.67461,                0.74961,                0.49514,                 1.4512,                 1.1439,                 1.7714,              0.0073864,              0.0073864,              0.0073864
                    134,                0.52264,                0.35835,                 1.0042,                0.81431,                0.68245,                0.75131,                0.49733,                 1.4453,                 1.1644,                 1.7641,              0.0073666,              0.0073666,              0.0073666
                    135,                0.51721,                0.35393,                 1.0009,                 0.7935,                0.69323,                0.74468,                 0.4997,                 1.4285,                 1.1654,                 1.7368,              0.0073468,              0.0073468,              0.0073468
                    136,                0.51151,                0.34668,                0.99959,                0.83395,                0.68589,                0.74501,                0.49164,                 1.4302,                 1.2096,                 1.7402,               0.007327,               0.007327,               0.007327
                    137,                0.51213,                0.34509,                0.99914,                0.87102,                0.66665,                0.74369,                0.49051,                 1.4386,                 1.1864,                 1.7487,              0.0073072,              0.0073072,              0.0073072
                    138,                0.51687,                  0.348,                 1.0005,                0.85473,                0.66875,                0.74192,                0.49642,                 1.4291,                 1.2075,                 1.7445,              0.0072874,              0.0072874,              0.0072874
                    139,                0.50579,                0.34296,                0.99462,                0.80714,                0.68515,                0.73418,                0.49447,                  1.444,                 1.2679,                 1.7565,              0.0072676,              0.0072676,              0.0072676
                    140,                0.51398,                0.34771,                0.99893,                0.81183,                0.69029,                0.73799,                0.49743,                 1.4353,                 1.2682,                 1.7547,              0.0072478,              0.0072478,              0.0072478
                    141,                0.51002,                0.34755,                0.99528,                0.81478,                0.66569,                0.73126,                0.49475,                 1.4368,                 1.3123,                 1.7545,               0.007228,               0.007228,               0.007228
                    142,                0.51399,                0.35307,                 1.0006,                0.80418,                0.66925,                0.73268,                0.49288,                 1.4476,                 1.3257,                 1.7583,              0.0072082,              0.0072082,              0.0072082
                    143,                0.50394,                0.34451,                0.99399,                0.81181,                0.68921,                0.74437,                0.49837,                 1.4413,                 1.2849,                 1.7553,              0.0071884,              0.0071884,              0.0071884
                    144,                0.51198,                0.34763,                0.99943,                0.80338,                0.70057,                0.74813,                 0.4987,                 1.4448,                 1.2361,                 1.7647,              0.0071686,              0.0071686,              0.0071686
                    145,                0.50369,                0.34177,                0.99764,                0.82739,                0.70057,                0.75841,                0.50398,                 1.4307,                 1.1695,                 1.7509,              0.0071488,              0.0071488,              0.0071488
                    146,                 0.5001,                0.33616,                0.99201,                0.81679,                0.71528,                0.76568,                0.50698,                 1.4335,                 1.1367,                 1.7507,               0.007129,               0.007129,               0.007129
                    147,                0.50016,                0.34161,                0.99163,                0.82561,                0.69521,                 0.7677,                0.51236,                 1.4281,                 1.1708,                 1.7438,              0.0071092,              0.0071092,              0.0071092
                    148,                0.50183,                 0.3411,                0.99192,                0.80742,                0.71852,                 0.7665,                0.50452,                 1.4318,                 1.1789,                 1.7485,              0.0070894,              0.0070894,              0.0070894
                    149,                0.50162,                0.34139,                0.99384,                0.81286,                0.71332,                0.76309,                0.50537,                 1.4271,                 1.1696,                 1.7419,              0.0070696,              0.0070696,              0.0070696
                    150,                 0.5046,                0.34346,                0.99561,                0.80373,                0.70155,                 0.7556,                0.50162,                 1.4406,                 1.1845,                 1.7567,              0.0070498,              0.0070498,              0.0070498
                    151,                0.50098,                 0.3398,                0.99447,                 0.8205,                0.70253,                 0.7589,                0.50238,                 1.4407,                 1.2006,                 1.7581,                0.00703,                0.00703,                0.00703
                    152,                0.49733,                0.33531,                0.98513,                0.82785,                0.69275,                0.75625,                0.50122,                 1.4352,                 1.1985,                 1.7559,              0.0070102,              0.0070102,              0.0070102
                    153,                0.49917,                0.34077,                0.99371,                0.82958,                0.69395,                 0.7522,                0.49779,                 1.4349,                 1.1848,                 1.7593,              0.0069904,              0.0069904,              0.0069904
                    154,                0.49649,                0.34581,                0.99318,                0.83672,                0.69042,                0.75379,                 0.4986,                 1.4297,                 1.1739,                 1.7526,              0.0069706,              0.0069706,              0.0069706
                    155,                0.50243,                0.33836,                0.98849,                0.82819,                 0.7077,                0.76259,                 0.5019,                 1.4276,                 1.1644,                 1.7466,              0.0069508,              0.0069508,              0.0069508
                    156,                0.49488,                0.33434,                0.98841,                0.82166,                0.70744,                0.76111,                0.50943,                 1.4132,                 1.1534,                 1.7285,               0.006931,               0.006931,               0.006931
                    157,                0.49391,                0.33237,                0.98609,                0.81997,                0.70721,                0.76321,                0.51081,                 1.4081,                 1.1388,                 1.7196,              0.0069112,              0.0069112,              0.0069112
                    158,                0.49084,                0.33326,                0.98758,                0.83201,                0.70352,                0.76473,                0.50966,                 1.4089,                  1.125,                 1.7209,              0.0068914,              0.0068914,              0.0068914
                    159,                0.48628,                 0.3299,                0.98465,                 0.8317,                0.70194,                0.76412,                0.51001,                 1.4054,                 1.1337,                 1.7195,              0.0068716,              0.0068716,              0.0068716
                    160,                0.48256,                0.32788,                0.98494,                0.80576,                0.71195,                0.76374,                 0.5116,                 1.4066,                 1.1367,                 1.7189,              0.0068518,              0.0068518,              0.0068518
                    161,                0.49108,                 0.3343,                0.98712,                0.80798,                0.71481,                0.76939,                0.51636,                 1.3995,                 1.1092,                 1.7139,               0.006832,               0.006832,               0.006832
                    162,                0.49121,                0.33009,                0.98899,                0.86376,                0.68499,                0.76935,                0.51526,                 1.3997,                 1.1165,                 1.7119,              0.0068122,              0.0068122,              0.0068122
                    163,                 0.4864,                0.33212,                0.98532,                0.84791,                0.69283,                0.76868,                0.51285,                 1.3967,                 1.1166,                 1.7098,              0.0067924,              0.0067924,              0.0067924
                    164,                0.48978,                0.33128,                0.99053,                0.82507,                0.69705,                0.75864,                0.51043,                 1.3974,                  1.112,                 1.7131,              0.0067726,              0.0067726,              0.0067726
                    165,                0.48548,                0.32909,                 0.9837,                0.81147,                0.71159,                0.76871,                0.51264,                 1.3892,                 1.0909,                 1.7069,              0.0067528,              0.0067528,              0.0067528
                    166,                  0.487,                0.32692,                0.98437,                0.84022,                0.70057,                0.77025,                0.51564,                 1.3889,                  1.097,                 1.7084,               0.006733,               0.006733,               0.006733
                    167,                0.48483,                0.33119,                0.98438,                0.82465,                0.69959,                0.76823,                0.51646,                  1.391,                 1.1012,                 1.7073,              0.0067132,              0.0067132,              0.0067132
                    168,                0.48499,                0.33122,                 0.9866,                0.83932,                0.69323,                0.76524,                0.51629,                  1.388,                  1.107,                 1.7039,              0.0066934,              0.0066934,              0.0066934
                    169,                0.48487,                0.33001,                0.98584,                0.83291,                0.69323,                0.76261,                0.51247,                 1.3889,                  1.119,                  1.706,              0.0066736,              0.0066736,              0.0066736
                    170,                0.48613,                0.33114,                 0.9847,                0.83908,                0.69469,                0.76352,                0.51176,                 1.3904,                  1.139,                 1.7099,              0.0066538,              0.0066538,              0.0066538
                    171,                 0.4759,                0.32266,                 0.9781,                 0.8297,                0.69273,                0.75901,                0.50829,                 1.3906,                 1.1384,                 1.7117,               0.006634,               0.006634,               0.006634
                    172,                0.48426,                 0.3309,                0.98209,                0.84415,                0.68755,                0.76087,                0.50938,                 1.3876,                 1.1309,                 1.7097,              0.0066142,              0.0066142,              0.0066142
                    173,                0.47369,                0.32146,                0.98153,                0.83665,                0.68547,                0.76121,                0.50936,                 1.3839,                 1.1355,                 1.7054,              0.0065944,              0.0065944,              0.0065944
                    174,                0.47383,                0.32042,                0.97776,                0.80004,                0.69567,                0.75971,                0.50871,                  1.382,                 1.1445,                 1.7024,              0.0065746,              0.0065746,              0.0065746
                    175,                0.47704,                0.31976,                0.97964,                0.80808,                0.69273,                0.75818,                0.50873,                 1.3835,                  1.144,                  1.704,              0.0065548,              0.0065548,              0.0065548
                    176,                0.47535,                0.32779,                0.98072,                   0.83,                0.68735,                0.75613,                0.50967,                 1.3907,                 1.1534,                 1.7111,               0.006535,               0.006535,               0.006535
                    177,                0.47354,                0.32329,                0.98134,                0.83205,                0.68199,                0.75386,                0.51002,                 1.3945,                  1.152,                 1.7155,              0.0065152,              0.0065152,              0.0065152
                    178,                0.47238,                0.31917,                0.97662,                0.83259,                0.67585,                0.75059,                0.50945,                 1.4011,                 1.1664,                 1.7212,              0.0064954,              0.0064954,              0.0064954
                    179,                0.46611,                0.31444,                0.97373,                0.82938,                0.68541,                0.74815,                0.50771,                 1.4044,                 1.1713,                 1.7239,              0.0064756,              0.0064756,              0.0064756
                    180,                0.47358,                0.31939,                0.98055,                0.83797,                0.67659,                0.74886,                0.50839,                 1.4048,                  1.178,                 1.7235,              0.0064558,              0.0064558,              0.0064558
                    181,                0.47651,                0.32268,                0.98107,                0.83461,                0.67953,                0.74882,                0.50792,                 1.4101,                 1.1837,                 1.7266,               0.006436,               0.006436,               0.006436
                    182,                0.46969,                0.31469,                0.97876,                0.83047,                0.68149,                0.74788,                0.50621,                  1.416,                 1.1905,                 1.7303,              0.0064162,              0.0064162,              0.0064162
                    183,                0.47256,                0.31777,                0.98076,                0.81836,                0.68051,                 0.7453,                0.50622,                 1.4204,                 1.2005,                 1.7331,              0.0063964,              0.0063964,              0.0063964
                    184,                 0.4662,                0.31784,                0.97429,                0.82108,                0.68189,                0.74483,                0.50373,                 1.4195,                 1.1989,                  1.732,              0.0063766,              0.0063766,              0.0063766
                    185,                0.46693,                0.31772,                0.97501,                0.82168,                0.68247,                0.74633,                0.50596,                 1.4156,                  1.185,                 1.7293,              0.0063568,              0.0063568,              0.0063568
                    186,                0.46739,                0.31683,                0.97484,                0.83532,                0.68247,                0.74856,                0.50831,                 1.4168,                  1.187,                 1.7306,               0.006337,               0.006337,               0.006337
                    187,                0.46601,                 0.3127,                0.97721,                0.82501,                0.68589,                0.75317,                0.50894,                 1.4099,                 1.1767,                 1.7233,              0.0063172,              0.0063172,              0.0063172
                    188,                0.46419,                0.31376,                0.97636,                0.83369,                0.68197,                0.75415,                0.50812,                 1.4083,                 1.1723,                 1.7214,              0.0062974,              0.0062974,              0.0062974
                    189,                0.46373,                0.31359,                0.97277,                0.82568,                0.68687,                0.75423,                0.50905,                 1.4113,                 1.1809,                 1.7244,              0.0062776,              0.0062776,              0.0062776
                    190,                0.46097,                0.31287,                0.97343,                0.82045,                0.69225,                 0.7555,                0.50654,                 1.4126,                 1.1863,                 1.7271,              0.0062578,              0.0062578,              0.0062578
                    191,                0.46575,                0.31311,                0.97618,                0.82273,                0.68896,                0.75429,                0.50638,                  1.412,                 1.1956,                 1.7268,               0.006238,               0.006238,               0.006238
                    192,                0.46202,                0.31332,                0.97566,                0.82498,                0.68637,                0.75359,                 0.5066,                 1.4121,                 1.2041,                 1.7272,              0.0062182,              0.0062182,              0.0062182
                    193,                0.46493,                0.31612,                0.97596,                0.82646,                0.68443,                0.75433,                0.50692,                 1.4114,                 1.2087,                 1.7239,              0.0061984,              0.0061984,              0.0061984
                    194,                0.46144,                0.31319,                 0.9729,                0.82439,                0.68595,                0.75327,                 0.5067,                 1.4119,                 1.2122,                 1.7241,              0.0061786,              0.0061786,              0.0061786
                    195,                0.45848,                 0.3112,                0.97149,                0.81245,                0.68391,                0.74997,                0.50565,                 1.4127,                 1.2183,                 1.7252,              0.0061588,              0.0061588,              0.0061588
                    196,                0.45604,                0.31168,                0.96892,                0.80888,                0.68489,                0.75037,                0.50674,                 1.4132,                 1.2343,                  1.725,               0.006139,               0.006139,               0.006139
                    197,                0.46372,                0.31519,                0.97571,                0.81785,                0.68831,                0.75343,                0.50766,                 1.4158,                 1.2342,                 1.7275,              0.0061192,              0.0061192,              0.0061192
                    198,                0.46082,                0.31486,                0.97587,                0.80606,                0.69365,                0.75393,                0.50694,                 1.4175,                 1.2321,                 1.7281,              0.0060994,              0.0060994,              0.0060994
                    199,                0.45774,                0.31187,                0.96874,                0.80178,                0.69696,                0.75608,                0.50642,                 1.4138,                 1.2268,                 1.7236,              0.0060796,              0.0060796,              0.0060796
                    200,                 0.4538,                0.30859,                0.96993,                0.79979,                0.69909,                0.75952,                0.50751,                 1.4146,                 1.2282,                 1.7244,              0.0060598,              0.0060598,              0.0060598
                    201,                0.45488,                0.30799,                0.97344,                0.79583,                0.70105,                0.75811,                0.50682,                 1.4152,                 1.2314,                 1.7254,                0.00604,                0.00604,                0.00604
                    202,                 0.4602,                0.31257,                0.97639,                0.79388,                0.70399,                0.75714,                0.50724,                 1.4163,                 1.2252,                 1.7276,              0.0060202,              0.0060202,              0.0060202
                    203,                0.45756,                0.30915,                0.97283,                 0.7952,                0.70187,                 0.7556,                 0.5073,                 1.4165,                 1.2189,                 1.7285,              0.0060004,              0.0060004,              0.0060004
                    204,                0.45217,                0.30852,                0.96686,                0.79929,                0.69976,                0.75636,                0.50708,                 1.4143,                 1.2136,                 1.7271,              0.0059806,              0.0059806,              0.0059806
                    205,                0.44554,                0.30443,                0.96676,                0.79645,                0.69471,                0.75408,                0.50745,                 1.4125,                 1.2175,                 1.7253,              0.0059608,              0.0059608,              0.0059608
                    206,                0.44282,                0.30285,                0.96526,                0.79516,                0.69463,                0.75495,                0.50794,                 1.4123,                 1.2148,                 1.7255,               0.005941,               0.005941,               0.005941
                    207,                0.45109,                0.30764,                0.96819,                0.80551,                0.69419,                0.75351,                0.50719,                 1.4136,                 1.2171,                 1.7286,              0.0059212,              0.0059212,              0.0059212
                    208,                0.45414,                0.30815,                0.97028,                0.80843,                0.69228,                0.75295,                0.50814,                 1.4143,                  1.217,                 1.7295,              0.0059014,              0.0059014,              0.0059014
                    209,                0.44846,                0.30647,                0.96925,                0.81157,                0.69168,                0.75389,                0.50848,                 1.4142,                 1.2159,                 1.7302,              0.0058816,              0.0058816,              0.0058816
                    210,                0.44639,                0.30207,                0.96798,                0.81136,                0.68887,                0.75561,                0.50816,                 1.4162,                 1.2175,                 1.7334,              0.0058618,              0.0058618,              0.0058618
                    211,                0.45154,                0.30826,                0.96977,                0.80603,                0.68918,                0.75458,                0.50716,                 1.4193,                 1.2291,                 1.7383,               0.005842,               0.005842,               0.005842
